Category,Title,Price,Image URL,Product Details,Author Name,Author Profile Link,Author Last Seen
"Помощ за Украйна | Допомога Україні","Подарявам шапка за бебе на 6 месеца","Безплатно","https://frankfurt.apollo.olxcdn.com:443/v1/files/982n01bbswmn3-BG/image;s=216x152;q=50","Подарявам зимна бебешки шапка за бебе от 6 месеца. За нмомиче","Svitlana","https://www.olx.bg/ads/user/gLNJs/","Последно онлайн вчера в 12:42 ч."
"Помощ за Украйна | Допомога Україні","Дентални услуги","Безплатно","https://frankfurt.apollo.olxcdn.com:443/v1/files/982n01bbswmn3-BG/image;s=216x152;q=50","безкоштовні стоматологічні послуги","Ъшъл Халил","https://www.olx.bg/ads/user/gVXgK/","Последно онлайн 01 октомври 2024 г."
"Помощ за Украйна | Допомога Україні","Стоматологічні послуги - безкоштовно","Безплатно","https://frankfurt.apollo.olxcdn.com:443/v1/files/982n01bbswmn3-BG/image;s=216x152;q=50","Привіт, я пропоную стоматологічні послуги в Пловдиві. Я студент стоматологічної медицини та всі послуги для громадян України на території міста Пловдив. БЕЗКОШТОВНІ. Маніпуляції такі: - ОГЛЯД - Лікування карієсу - Коренева обробка - Видалення зубів - Виготовлення протезів та коронок Адреса: бул. Христо Ботев, факультет стоматології, під наглядом спеціаліста. За додатковою інформацією телефонуйте за вказаним номером телефону або пишіть в будь-який час сюди чи на Viber.","Angel Boyadzhiev","https://www.olx.bg/ads/user/5wg6P/","Последно онлайн 22 октомври 2024 г."
"Помощ за Украйна | Допомога Україні","Безплатно дентално лечение за деца","Безплатно","https://frankfurt.apollo.olxcdn.com:443/v1/files/982n01bbswmn3-BG/image;s=216x152;q=50","Здравейте, казвам се Анна и съм студентка 5-ти курс Дентална медицина в Медицински университет - София и предлагам НАПЪЛНО БЕЗПЛАТНО дентално лечение за деца. Всички манипулации се извършват под наблюдението на специалист. При интерес може да се свържете с мен на посочения номер или на лично съобщение!","Анна","https://www.olx.bg/ads/user/6LOX/","Последно онлайн 15 юни 2024 г."
"Помощ за Украйна | Допомога Україні","Работа за украинци","Безплатно","https://frankfurt.apollo.olxcdn.com:443/v1/files/982n01bbswmn3-BG/image;s=216x152;q=50","Търсим мъже за работа в логистически център за голям магазин за мебели и стоки за дома. Осигуряваме бесплатно настаняване, официален трудов договор, заплата 1500-2000 лева чисто. Предприятие: Логистический центр, г. Божурище ( 5 км от Софии) – международная компания по продаже товаров для дома и сада. Должность: рабочий на складе. Подходящие соискатели: мужчины в хорошей физической форме. Необходимые документы: Статус временной защиты или ПМЖ/гражданство Зарплата: от 1500-2000 лв (чистыми после налогов) плюс ваучеры на питание 200 лв Смены: 6:00-14:30, 14:30-23:00 - с понедельника по пятницу (40 рабочих часов) Внеурочные: редко рабочие субботы (оплачиваются дополнительно) Питание: На складе есть столовая по низким ценам (30 лв месяц), чай, кофе бесплатно Спецодежда и средства индивидуальной защиты: Выдается на предприятии Проживание: Бесплатно съемные квартиры либо покрывает расходы на аренду. Транспорт: компенсация бензина/либо такси Медицинская страховка","Наталия","https://www.olx.bg/ads/user/2jaqK/","Последно онлайн 26 октомври 2024 г."
"Недвижими имоти","Двустаен апартамент в ж.к. Борово.","500 €","https://frankfurt.apollo.olxcdn.com:443/v1/files/1rm0ajmi2t1x2-BG/image;s=216x152;q=50","Революшън Естейт представя двустаен апартамент в ж.к. Борово. Ситуиран е на 4-ти жилищен етаж и разполага с площ от 68 кв.м. разгърната в следното разпределение: входно антре, хол с кухня с трапезария, спалня, баня с тоалетна и тераса. Отоплява се на ток. Намира се на лесно достъпна локация, заобиколена от множество търговски обекти, магазини, верига супермаркети, медицински центрове, детски градини, училиища и разнообразен градски транспорт. Предлага напълно обзаведено с всичко необходимо за едно домакинство. Информация за горепосочения имот, може да получите чрез формата на запитване или чрез директна връзка с нас на телефона посочен в описанието, като ще Ви е необходим следният референтен номер: 2168158","revoestate","https://www.olx.bg/ads/user/8IzZT/","Последно онлайн днес в 15:14 ч."
"Недвижими имоти","Продавам многостаен апартамент Плевен","148000 €","https://frankfurt.apollo.olxcdn.com:443/v1/files/1rm0ajmi2t1x2-BG/image;s=216x152;q=50","Продавам многостаен апартамент Плевен широк център ! Аз съм СОБСТВЕНИК ! Напълно отремонтиран дизайнерски апартамент ! 5 етаж , тухла , асансьор , над апартамента тавански помещения ( тавана му е 14кв.м. 2м височина и е точно над банята ) , плосък отремонтиран и хидроизолиран преди една година покрив , 9ти квартал апартамента гледа срещу Лайф . Централен ТЕЦ .Сградата е от 84г и е на ъгъл между цар Самуил и Хаджи Димитър , тухла . На 8 минути пеша до градската градина . До спирки, ВНВУ Георги Бенковски , супермаркет Лайф, Аптека Марешки ,Валборген, пицария Кантоната, Ресторант Дори , Фризьорски салони и много други магазини . Недалеч от ВНВУ , Сърце и Мозък , ШЗО и Втора клинична база . Апартамента е реално 106 кв/ м с двете тераси. Разположение на помещенията : 1. Голям г- образен коридор със уширение за гардероби и портманто . 2. Антре подходящо за перално 3 Тоалетна отделно 4. Баня 5. Просторен Хол 6. Трапезария отворена към хола. 6. Кухня с врата към трапезарията 7 .Тераса отворена 8. Спалня 1 9. Голяма остъклена тераса 10 . Спалня 2 ВСИЧКИ външни стени са топлоизолирани със 7 см фибран което дава страхотно предимство лято и зиме ! Има и маза към апартамента 7 кв/м. Безпроблемно паркиране . Реална квадратура, директно от собственик ! БЕЗ БРОКЕРИ МОЛЯ !","С.А.","https://www.olx.bg/ads/user/3qS8O/","Последно онлайн вчера в 23:09 ч."
"Недвижими имоти","ЕКСКЛУЗИВНО! Двустаен апартамент в кв. Кършияка с ГАРАЖ","350 €","https://frankfurt.apollo.olxcdn.com:443/v1/files/1rm0ajmi2t1x2-BG/image;s=216x152;q=50","КЛЮЧ В АГЕНЦИЯТА!!! Революшън Естейт Ви представя двустаен апартамент в кв. Кършияка. Локация: Намира се в непосредствена близост до пешеходния мост. Имотът е разположен на пети жилищен етаж. Площ: 60 кв.м. Разпределение: входно антре, хол с кухненски бокс, спалня, баня с тоалетна и тераса Отоплението е на ТОК. Изложение:Юг. Включен ГАРАЖ в цената!!! Жилището е в отлично състояние и е готово за нанасяне, тъй като се предлага ИЗЦЯЛО ОБЗАВЕДЕНО. Информация за горепосочения имот, може да получите чрез формата на запитване или чрез директна връзка с нас на телефонът посочен в описанието, като ще Ви е необходим следният референтен номер: 2188615.","Мартин Думбаков","https://www.olx.bg/ads/user/gMLTU/","Последно онлайн днес в 15:55 ч."
"Недвижими имоти","Магазин в Славейков 44152","43000 €","https://frankfurt.apollo.olxcdn.com:443/v1/files/1rm0ajmi2t1x2-BG/image;s=216x152;q=50","Компания ‘X’ представя на Вашето внимание магазин в Славейков. МЕСТОПОЛОЖЕНИЕ: В близост до магазини за хранителни стоки, спирка на градски транспорт, основни пътни артерии. СТРОИТЕЛСТВО: Магазинът се намира на 2-ри етаж в тухлена сграда. РАЗПРЕДЕЛЕНИЕ: Магазинът разполага с площ от 30 кв.м. СЪСТОЯНИЕ: Необзаведен. Заповядайте да Ви го покажем. Използвайки нашите услуги Вие ще превърнете закупуването на новия си дом в едно приятно изживяване, ще получите персонален консултант, съдействие при кандидатстване за кредит от всички банки в България, интериорни дизайнери и екип, който да се погрижи за нужните документи по Вашата сделка. На Ваше разположение сме всеки ден, от понеделник до неделя от 09:00 до 20:00ч. Възползвайте се от безплатна консултация в наш офис, където ще ви спестим време и ще ви запознаем с всички актуални имоти в България, отговарящи на Вашето търсене. Свържете се с нас и цитирайте кода към имота: 44152","X NVD Company","https://www.olx.bghttp://exnvd.olx.bg/home/","Последно онлайн вчера в 11:50 ч."
"Недвижими имоти","Парцел в Банево 70777","17750 €","https://frankfurt.apollo.olxcdn.com:443/v1/files/1rm0ajmi2t1x2-BG/image;s=216x152;q=50","Компания Х представя на Вашето внимание парцел в Банево. МЕСТОПОЛОЖЕНИЕ: Намира се в спокойна част на района, с лице на главна улица. РАЗПРЕДЕЛЕНИЕ: Имотът разполага с площ 630кв.м., УПИ с ток и вода в непосредствена близост, подходящ за редица дейности. Заповядайте да Ви го покажем. Използвайки нашите услуги Вие ще превърнете закупуването на новия си дом в едно приятно изживяване, ще получите персонален консултант, съдействие при кандидатстване за кредит от всички банки в България, интериорни дизайнери и екип, който да се погрижи за нужните документи по Вашата сделка. На Ваше разположение сме всеки ден, от понеделник до неделя от 09:00 до 20:00ч. Възползвайте се от безплатна консултация в наш офис, където ще ви спестим време и ще ви запознаем с всички актуални имоти в България, отговарящи на Вашето търсене. Свържете се с нас и цитирайте кода към имота: 70777","X NVD Company","https://www.olx.bghttp://exnvd.olx.bg/home/","Последно онлайн вчера в 11:50 ч."
"Недвижими имоти","Продава имот в гр.Благоевград","14827 €","https://frankfurt.apollo.olxcdn.com:443/v1/files/1rm0ajmi2t1x2-BG/image;s=216x152;q=50","Агенция за Недвижими Имоти ""Positive Trade"" продава поземлен имот с площ от 1100м2 в гр.Благоевград.Разположен е в дясно от Метро,на 400м.разстояние.Не е в регулация,но може да се вкара.Цена 29хил.лв.08******41","Positive Trade Недвижими Имоти","https://www.olx.bg/ads/user/7EXWq/","Последно онлайн вчера в 20:52 ч."
"Недвижими имоти","Двустаен апартамент на Какао Бийч в един от най-добрите комплекси","77000 €","https://frankfurt.apollo.olxcdn.com:443/v1/files/1rm0ajmi2t1x2-BG/image;s=216x152;q=50","Продава се от собственик, без комисионна, двустаен апартамент в 1 от най-добрите комплекси в най-популярния район на Слънчев бряг - Какао Бийч, в Комплекс Престиж Сити. Районът Cacao beach е популярен с най-широката плажна ивица в България, близостта до историческия град Несебър и много забавления за деца и възрастни. До плажа от комплекса 500 метра, до старинния град Несебър около 30 минути пеша на бавно темпо ходене по насипа покрай морето, има и автобуси и отворени ’влакове’. В близост има ресторанти, кафенета, магазини, казина, екскурзионни бюра, аптеки, банки. В същото време комплексът се намира в тиха част и шумът от дискотеки и ресторанти няма да развали почивката ви. Комплекс Престиж Сити разполага с голям басейн с детска зона, шезлонги и чадъри около него, безплатни за собственици и гости. Паркинг за вашия автомобил в закрита част на комплекса под постоянно видеонаблюдение (осигурен е чип за ел. порта). В комплекса разполага със собствен ресторант с отлична европейска и българска кухня, с закрита част и лятна тераса, барбекю с шатри, тенис на маса и билярд. Територията на комплекса е оградена и е под целогодишна охрана видеонаблюдение. Двустаен апартамент с площ от 71 кв.м. разположен на висок партер с голяма тераса на партера винаги има сигурност (което е много важно през зимата - топло и безопасно). Комплексът работи и се поддържа целогодишно. Стаите са изолирани. Има складово помещение 2 кв.м. Предлага апартамент с отлично обзавеждане и модерна техника: климатик във всяка стая, инвертор в спалнята два модерни телевизора във всяка стая със сателитни канали (на различни езици) SMART TV голям разтегателен диван в хола (от 2 до 3 места за спане) просторно двойно легло в спалнята фурна и котлон с две горелки (Indesit) голям хладилник (Gorenje), нов, в гаранция хладилник (Liebherr) качулка (Delonge) автоматична пералня немско производство. Такса поддръжка 8 евро на квадратен метър на година. Платено до септември 2025 г Акт 16. Битова тарифа за ток и вода.","Алексей","https://www.olx.bg/ads/user/2JMjQ/","Последно онлайн днес в 15:52 ч."
"Недвижими имоти","Едноетажна къща в Дебелт","30000 €","https://frankfurt.apollo.olxcdn.com:443/v1/files/1rm0ajmi2t1x2-BG/image;s=216x152;q=50","Компания Х представя на Вашето внимание едноетажна къща в Дебелт. МЕСТОПОЛОЖЕНИЕ: Намира се на не повече от 5 минути от центъра на селото, където има хранителни магазини и спирки на градски транспорт. РАЗПРЕДЕЛЕНИЕ: Къщата е 70кв.м., разполага с хол, кухня, спалня, баня с тоалетна и двор с площ 1500кв.м. СЪСТОЯНИЕ: Жилището е за ремонт, което Ви дава идеалната възможност да го преустроите по Ваш вкус и да се сдобиете с мечтания дом! ОСОБЕНОСТИ: Ексклузивно предложение! Разполагаме с ключ. Можем да Ви покажем имота в удобно за Вас време! Заповядайте да Ви го покажем. Използвайки нашите услуги Вие ще превърнете закупуването на новия си дом в едно приятно изживяване, ще получите персонален консултант, съдействие при кандидатстване за кредит от всички банки в България, интериорни дизайнери и екип, който да се погрижи за нужните документи по Вашата сделка. На Ваше разположение сме всеки ден, от понеделник до неделя от 09:00 до 20:00ч. Възползвайте се от безплатна консултация в наш офис, където ще ви спестим време и ще ви запознаем с всички актуални имоти в България, отговарящи на Вашето търсене. Свържете се с нас на 088777990 или на 08******83 и цитирайте кода към имота: 55988","X NVD Company","https://www.olx.bghttp://exnvd.olx.bg/home/","Последно онлайн вчера в 11:50 ч."
"Недвижими имоти","Парцел в Банево 70776","17750 €","https://frankfurt.apollo.olxcdn.com:443/v1/files/1rm0ajmi2t1x2-BG/image;s=216x152;q=50","Компания Х представя на Вашето внимание парцел в Банево. МЕСТОПОЛОЖЕНИЕ: Намира се в спокойна част на района, с лице на главна улица. РАЗПРЕДЕЛЕНИЕ: Имотът разполага с площ 630кв.м., УПИ с ток и вода в непосредствена близост, подходящ за редица дейности. Заповядайте да Ви го покажем. Използвайки нашите услуги Вие ще превърнете закупуването на новия си дом в едно приятно изживяване, ще получите персонален консултант, съдействие при кандидатстване за кредит от всички банки в България, интериорни дизайнери и екип, който да се погрижи за нужните документи по Вашата сделка. На Ваше разположение сме всеки ден, от понеделник до неделя от 09:00 до 20:00ч. Възползвайте се от безплатна консултация в наш офис, където ще ви спестим време и ще ви запознаем с всички актуални имоти в България, отговарящи на Вашето търсене. Свържете се с нас и цитирайте кода към имота: 70776","X NVD Company","https://www.olx.bghttp://exnvd.olx.bg/home/","Последно онлайн вчера в 11:50 ч."
"Недвижими имоти","Двустаен апартамент под наем до Тримонциум","256 €","https://frankfurt.apollo.olxcdn.com:443/v1/files/1rm0ajmi2t1x2-BG/image;s=216x152;q=50","#АвирексНедвижимиИмоти отдава под наем просторен и слънчев двустаен апартамент в Центъра. Имота има следните характеристики: - Апартамента е ситуиран на среден етж в нова кооперация. - Намира се в непосредствена близост до Тримонциум - Напълно обзаведен с всички мебели и електроуреди - Месечен наем: 500лв Жилището се отдава дългосрочно. Изисква се един наем и един депозит в размер на наема към собственика. Може огледи всеки ден.","Жени Имоти","https://www.olx.bg/ads/user/2ZPJX/","Последно онлайн 14 ноември 2024 г."
"Недвижими имоти","Двустайно жилище до Събота пазара","205 €","https://frankfurt.apollo.olxcdn.com:443/v1/files/1rm0ajmi2t1x2-BG/image;s=216x152;q=50","#АвирексНедвижимиИмоти представя на вашето внимание апартамент под наем в град Пловдив. В един от най-предпочитаните райони за живеене. Мястото е изключително комуникативно. В близост има паркове, детски градини, училища, аптеки и големи хипермаркети. Имота е изключително светъл и достатъчно просторен. Жилището е със следната характеристика: ∎ Двустаен апартамент ∎ Кючук Париж ∎ Месечен наем- 400лв ∎ Напълно обзаведен с всички мебели и електроуреди Жилището е много практично и удобно. Предлага се за дългосрочно наемане. Изисква се един наем и един депозит в размер на наема. За повече информация, огледи или друго може да се свържете с нас или на нашата страница във фейсбук АВИРЕКС НЕДВИЖИМИ ИМОТИ.","Жени Имоти","https://www.olx.bg/ads/user/2ZPJX/","Последно онлайн 14 ноември 2024 г."
"Недвижими имоти","Двустаен апартамент в с.Лозенец, област Бургас 74 900€","74900 €","https://frankfurt.apollo.olxcdn.com:443/v1/files/1rm0ajmi2t1x2-BG/image;s=216x152;q=50","CASA NUEVA REAL ESTATE продава двустаен апартамент на Южното Черноморие, в китното курортно село Лозенец. Това място е известно с чистите тюркоазени води, златист пясък и невероятното спокойствие, съчетано с близост с планина, много природни забележителности и туристически обекти. Имотът е в непосредствена близост до централен плаж - около 400м. и плаж Корал - 800м. Апартаментът е с площ от 67кв.м., в които влизат антре, баня и тоалетна, кухня и еднопространствено помещение обособено в спалня и хол. Двете стаи имат излаз на тераса с изложение юг (към паркинга на сградата). Терасата разполага с голяма покривна козирка. Жилището е оборудвано с всичко необходимо за лятна почивка, а защо не и целогодишно пребиваване. В спалнята и хола има монтиран климатик. Партидите за ток и вода са индивидуални. Жилището се намира на четвърти етаж от общо пет. Изцяло вътрешно разположено. Сградата е построена през 2006г. и оттогава е целогодишно обитаема. Намира се в близост до детско ваканционно селище. Имотът разполага със собствен облагороден и заграден двор, чиято площ е около 1500кв.м. Мястото е изключително тихо и спокойно, а в същото време и доста комуникативно. Пред самата кооперация има голям асфалтиран паркинг за около 25 автомобила. Такса поддръжка от 240лв. годишно (или 20лв. месечно). В собствеността попадат общи части, част от двора с право на строеж и избено помещение от около 4кв.м. Сградата разполага и с асансьор. В курорта има целогодишно работещи магазини и заведения за хранене. Малко пристанище с удобен достъп, както и много зелени площи за отдих и игри за малчуганите. Агенцията разполага с ключ за имота. За всякакви възникнали въпроси, по-подробна информация и организиране на оглед, не се колебайте да се свържете с нас. За Ваше удобство, екипът ни е договорил преференциални условия за банкови кредити с нашите финансови партньори. Консултацията, както и изготвянето на всички документи е напълно безплатно за клиенти на агенцията. Екипът ни е тук, за да Ви помогне.","Калоян Стоянов","https://www.olx.bghttp://casanuevabg.olx.bg/home/","Последно онлайн днес в 15:31 ч."
"Недвижими имоти","Тристаен в гр. Пловдив- Изгрев 32351","62000 €","https://frankfurt.apollo.olxcdn.com:443/v1/files/1rm0ajmi2t1x2-BG/image;s=216x152;q=50","Компания `Х` представя на Вашето внимание тристаен в гр. Пловдив, Изгрев. МЕСТОПОЛОЖЕНИЕ: Имота се намира в пловдивският квартал Изгрев, близо до автобусни спирки и супермаркет от известна верига. Перфектен инвестиционен имот- реализираме голямо количество сделки в наеми в района, сочи статистиката. РАЗПРЕДЕЛЕНИЕ: Разполага с площ от 72 кв.м. Състои се от: кухня, хол, спалня,детска, баня, отделна тоалетна, усвоена тераса. Към имота има изба! СЪСТОЯНИЕ: На среден етаж. Предлага се с обзавеждането от снимковия материал. Жилището може да се обнови изцяло по вкуса на новите собсвеници, съдържа много потенциал. Заповядайте да Ви го покажем. Използвайки нашите услуги Вие ще превърнете закупуването на новия си дом в едно приятно изживяване, ще получите персонален консултант, съдействие при кандидатстване за кредит от всички банки в България, интериорни дизайнери и екип, който да се погрижи за нужните документи по Вашата сделка. На Ваше разположение сме всеки ден, от понеделник до неделя от 09:00 до 20:00ч. Възползвайте се от безплатна консултация в наш офис, където ще ви спестим време и ще ви запознаем с всички актуални имоти в България, отговарящи на Вашето търсене. Свържете се с нас на 08*********90 или на 08*********90 и цитирайте кода към имота: 32351","X NVD Company","https://www.olx.bghttp://exnvd.olx.bg/home/","Последно онлайн вчера в 11:50 ч."
"Недвижими имоти","Самостоятелна сграда за продажба в с. Николово","160000 €","https://frankfurt.apollo.olxcdn.com:443/v1/files/1rm0ajmi2t1x2-BG/image;s=216x152;q=50","RE/MAX има удоволствието да Ви представи ЕКСКЛУЗИВНО масивна сграда с голям двор в центъра на село Николово. Николово се намира на 10 километра от Русе. Имотът е на три етажа със застроена площ 325 кв.м. на етаж. РЗП 939 кв.м. Дворно място с площ от 2453 кв.м. От имота се открива прекрасна панорамна гледка към селото и езерото. Имотът може да се превърне в райско кътче за живеене. Подовите настилки са от паркет и мозайка. Имотът е подходящ за развиване на бизнес и е идеален за закупуване с цел инвестиция поради добрата си локация. Имотът е разположен на три асфалтирани улици. В село Николово се намира лесопарк „Липник“ (или както всички го наричат „Текето“). Липовата гора обхваща 20 000 декара – най-големият масив в България. В изкуственото езеро до нея може да се лови риба или да се наблюдават тренировките на отбори по гребане. RE/MAX съдейства БЕЗПЛАТНО за всякакъв вид кредитиране. Поради факта, че сме в цял свят, нашите клиенти получават преференциални условия от абсолютно всички банки.","REMAX River Estate","https://www.olx.bg/ads/user/9iSJh/","Последно онлайн 15 ноември 2024 г."
"Недвижими имоти","Aпартамент или кабинет","220000 €","https://frankfurt.apollo.olxcdn.com:443/v1/files/1rm0ajmi2t1x2-BG/image;s=216x152;q=50","УНИКАЛНОСТТА на имота: 1. Ползване като семеен имот с узаконен портал между хола и кухненски бокс с трапезария! Или ползването на апартамента като 2. Кабинет
 Апартаментът има ниски сметки за отопление през зимата и охлаждане през лятото. Две нови детски площадки, детски градини и училища и два парка в близост. Добре поддържан апартамент в ж.к. Света Троица - кухненски бокс с трапезария, две спални, хол, килер (мокро помещение), самостоятелна тоалетна с мивка, баня с тоалетна и вана! Огледи и коментар на цената на място. На 3 три минути пеша са спирките на автобуси, тролейбуси и трамваи на столичния транспорт, магазините Фантастико, Billa, Lidl, 345 магазинъ и парк Света троица. На 5 минути пеша са две детски градини, професионална гимназия по високи технологии ""Александър Степанович Попов” и Западен парк. На 8 минути пиша от III градска болница, пазар Димитър Петков и Кауфланд. на 10 минути пеша са двете метростанции Константин Величков и Вардар. Обзаведен или необзаведен според желанието на купувача. Външна термоизолация. Отопление на ТЕЦ с четири чугунени радиатора и/или с четири броя висок клас инверторни климатици Mitsubishi Electric. Настилки - теракот и естествен паркет. Стени - изравнени - тапет. Таван - каменна вата и гипсокартон. Дограма петкамерна с двоен стъклопакет 4 mm Ка + 4 mm бяло. ВиК - сменени хоризонтални и вертикални щрангове. Двe метални входни врати. Общи части - ремонтиран вход, сменена дограма, ремонтиран асансьор, сменени щрангове, ремонтиран покрив с 9 години гаранция! С два балкона - един усвоен и един остъклен. Под трапезарията е мазето на имота. Холът, остъкления балкон и трапезарията са с източно изложение. Двете спални са със западно изложение!","Калин","https://www.olx.bg/ads/user/seN/","Последно онлайн 15 ноември 2024 г."
"Недвижими имоти","Двустаен апартамент в ж.к. Дружба 1","500 €","https://frankfurt.apollo.olxcdn.com:443/v1/files/1rm0ajmi2t1x2-BG/image;s=216x152;q=50","Революшън Естейт представя двустаен апартамент в ж.к. Дружба 1. Ситуиран е на 1-ви жилищен етаж и разполага с площ от 42 кв.м. разгърната в следното разпределение: входно антре, хол с кухненски бокс, спалня, баня с тоалетна,. Отоплява се на ТЕЦ. Намира се на лесно достъпна локация, заобиколена от множество търговски обекти, магазини, верига супермаркети, медицински центрове, детски градини, училиища и разнообразен градски транспорт включително и метро. Предлага напълно обзаведено с всичко необходимо за едно домакинство. В наемната цена са включени и всички коннсумативи на апартамента. Информация за горепосочения имот, може да получите чрез формата на запитване или чрез директна връзка с нас на телефона посочен в описанието, като ще Ви е необходим следният референтен номер: 149875","revoestate","https://www.olx.bg/ads/user/8IzZT/","Последно онлайн днес в 15:14 ч."
"Недвижими имоти","УПИ в индустриална зона север 55713","500000 €","https://frankfurt.apollo.olxcdn.com:443/v1/files/1rm0ajmi2t1x2-BG/image;s=216x152;q=50","Компания `Х` представя на Вашето внимание УПИ на Карловско шосе. МЕСТОПОЛОЖЕНИЕ: На изхода на Пловдив- перфектна локация за вашият бизнес. СЪСТОЯНИЕ: Разполага с площ от 9100кв.м., в регулация, с ток и вода. В момента се строи склад с направен офис 300кв.м. към него. Близо има индустриални имоти Лице към асфалтов път - 40м.и лице към второстепенен път 196м Минава газификация до парцела. Минават 2 тръби с водоснабдяване частна и държавна Перфектен за инвестиция! Заповядайте да Ви го покажем. Използвайки нашите услуги Вие ще превърнете закупуването на новия си дом в едно приятно изживяване, ще получите персонален консултант, съдействие при кандидатстване за кредит от всички банки в България, интериорни дизайнери и екип, който да се погрижи за нужните документи по Вашата сделка. На Ваше разположение сме всеки ден, от понеделник до неделя от 09:00 до 20:00ч. Възползвайте се от безплатна консултация в наш офис, където ще ви спестим време и ще ви запознаем с всички актуални имоти в България, отговарящи на Вашето търсене. Свържете се с нас на 08*********90 или на 08*********90 и цитирайте кода към имота: 55713","X NVD Company","https://www.olx.bghttp://exnvd.olx.bg/home/","Последно онлайн вчера в 11:50 ч."
"Недвижими имоти","УПИ в Крислово! 61284","40000 €","https://frankfurt.apollo.olxcdn.com:443/v1/files/1rm0ajmi2t1x2-BG/image;s=216x152;q=50","Компания `Х` представя на Вашето внимание парцел в Крислово! РАЗПРЕДЕЛЕНИЕ: Разполага с площ от 975кв.м, в регулация! Партидите за ток и вода са в процес на създаване! Заповядайте да Ви го покажем. Използвайки нашите услуги Вие ще превърнете закупуването на новия си дом в едно приятно изживяване, ще получите персонален консултант, съдействие при кандидатстване за кредит от всички банки в България, интериорни дизайнери и екип, който да се погрижи за нужните документи по Вашата сделка. На Ваше разположение сме всеки ден, от понеделник до неделя от 09:00 до 20:00ч. Възползвайте се от безплатна консултация в наш офис, където ще ви спестим време и ще ви запознаем с всички актуални имоти в България, отговарящи на Вашето търсене. Свържете се с нас и цитирайте кода към имота: 61284","X NVD Company","https://www.olx.bghttp://exnvd.olx.bg/home/","Последно онлайн вчера в 11:50 ч."
"Недвижими имоти","Двустаен апартамент с гледка парк в комплекс Несебър Форт","62500 €","https://frankfurt.apollo.olxcdn.com:443/v1/files/1rm0ajmi2t1x2-BG/image;s=216x152;q=50","Апартамента се намира в тихата част на комплекса. Изключително запазен и е обзаведен с хубави мебели. намира се на висок първи етаж, площ 64м2. Комплекса e целогодишен и има акт 16. Битов ток! ОТЛИЧЕН ПОТЕНЦИАЛ ЗА ОТДАВАНЕ ПОД НАЕМ! На територията има и влиза в таскса подръжка: Открити басейни Ресторанти Maгазини Занимални за деца Паркинг Такса подръжка - 13,6 евро/кв.м. БЕЗ КОМИСИОН ОТ КУПУВАЧ!!! kod # 1718","Happy Propertybg","https://www.olx.bghttp://happypropertybg.olx.bg/home/","Последно онлайн вчера в 13:01 ч."
"Недвижими имоти","Риълти Партнърс продава тристаен апартамент в кв. Мошино, гр. Перник","107371 €","https://frankfurt.apollo.olxcdn.com:443/v1/files/1rm0ajmi2t1x2-BG/image;s=216x152;q=50","Риълти Партнърс продава тристаен апартамент в отлично състояние в кв. Мошино гр. Перник. Намира се на ет.7 от 8 етажен блок. Усвоена тераса. Луксозно отремонтиран ОБЗАВЕДЕН. Непреходен. В непосредствена близост до детска градина, училища, техикум, до спирки за градски транспорт ЛИДЛ. На удобно и комуникативно място. на 6 км. от центъра на града и на 20 от София. Апартамента е в перфектно състояние. Влизаш и живееш. Няма нужда от нищо. Тец, асансьор, котролиран достъп. За всякакви въпроси и организиране на огледи моля позвънете ни.","Риълти Партнърс","https://www.olx.bghttp://realtypartners.olx.bg/home/","Последно онлайн днес в 15:11 ч."
"Недвижими имоти","Двустаен апартамент за продажба Чаталджа, РН","115000 €","https://frankfurt.apollo.olxcdn.com:443/v1/files/1rm0ajmi2t1x2-BG/image;s=216x152;q=50","Предлагаме Ви за продажба двустаен тухлен апартамент, находящ се в района на Чаталджа и Окръжна болница, гр. Варна. Апартаментът е тухлен с застроена площ от 49,01 кв.м. Състои се от дневен тракт с кухненски бокс, спалня, санитарен възел, коридор и тераса с излаз и от двете стаи. Към имота има прилежащо избено помещение от 5,83 кв.м. Жилището се намира на пети етаж в пететажна сграда с добре поддържани общи части. Сградата е без асансьор. Изложението е ЮГ Апартаментът се продава във вида от снимките. Разположен е в близост до пазар Чаталджа, Окръжна болница, читалище Маяковски, спирки на градски транспорт, Лидл и магазини. Апартаментът е подходящ както за живеене, така и за отдаване под наем.","Радостина Николова","https://www.olx.bg/ads/user/ioIcD/","Последно онлайн днес в 10:31 ч."
"Недвижими имоти","Парцел в м-т Сълзица, гр.Варна, ТИ3589","60000 €","https://frankfurt.apollo.olxcdn.com:443/v1/files/1rm0ajmi2t1x2-BG/image;s=216x152;q=50","Предлагаме Ви за продажба парцел в м-т Сълзица, град Варна. Урегулираният поземлен имот е с площ 1247кв.м., с правилна форма и денивелация. Парцелът е с одобрен проект за еднофамилна къща на два етажа с РЗП-237кв.м, ЗП-112,50 кв.м. и разрешение за строеж. Достъпът до имота е добър, само на 400 метра от бул. ""Трети март"". Параметрите на имота са плътност - 30 %, КИНТ - 0,7, ниско застрояване до 10 метра височина. Токът е с партида, а водата е от собствен водоизточник. На границата с парцела е изградена канализация. Достъпът е добър за придвижване с лек автомобил. В района се живее целогодишно, а парцела е с гледка към града. На пешеходно разстояние са автобусна спирка и магазини.","Радостина Николова","https://www.olx.bg/ads/user/ioIcD/","Последно онлайн днес в 10:31 ч."
"Недвижими имоти","ДИЗАЙНЕРСКИ ЧЕТИРИСТАЕН апартамент в района на Галата!","1125 €","https://frankfurt.apollo.olxcdn.com:443/v1/files/1rm0ajmi2t1x2-BG/image;s=216x152;q=50","Революшън Естейт има удоволствието да Ви представи ДИЗАЙНЕРСКИ ЧЕТИРИСТАЕН апартамент в района на Галата! Ситуиран е в затворен комплекс, който разполага със солен басейн, шезлонги, барбекю зона с маси, пейки и чадъри. Намира се на метри от морето, в близост до супермаркет, заведения, спирки на градски транспорт и други търговски обекти! Имотът е разположен на 4-ти жилищен етаж в нова сграда. Разполага с площ от 207кв.м. Разпределение: входно антре, три самостоятелни спални, две бани, голяма всекидневна и тераса с над 180-градусова панорама. Отоплението е на ТОК. Изложението е Юг/Изток, което прави апартамента изключително слънчев и топъл! Жилището е направено изцяло по дизайнерски проект и е оборудвано с всичко необходимо за живеене. Към апартамента се предлага самостоятелен ГАРАЖ за две коли! За повече информация за имота ще Ви е необходим следният референтен номер: 2186976. Не се колебайте да се свържете с нас за още подобни оферти!!!","Революшън Естейт","https://www.olx.bghttp://revolutionestate.olx.bg/home/","Последно онлайн 14 ноември 2024 г."
"Недвижими имоти","Парцел в Банево 69660","17750 €","https://frankfurt.apollo.olxcdn.com:443/v1/files/1rm0ajmi2t1x2-BG/image;s=216x152;q=50","Компания Х представя на Вашето внимание парцел в Банево. МЕСТОПОЛОЖЕНИЕ: Намира се в спокойна част на района, с лице на главна улица. РАЗПРЕДЕЛЕНИЕ: Имотът разполага с площ 630кв.м., УПИ с ток и вода в непосредствена близост, подходящ за редица дейности. Заповядайте да Ви го покажем. Използвайки нашите услуги Вие ще превърнете закупуването на новия си дом в едно приятно изживяване, ще получите персонален консултант, съдействие при кандидатстване за кредит от всички банки в България, интериорни дизайнери и екип, който да се погрижи за нужните документи по Вашата сделка. На Ваше разположение сме всеки ден, от понеделник до неделя от 09:00 до 20:00ч. Възползвайте се от безплатна консултация в наш офис, където ще ви спестим време и ще ви запознаем с всички актуални имоти в България, отговарящи на Вашето търсене. Свържете се с нас и цитирайте кода към имота: 69660","X NVD Company","https://www.olx.bghttp://exnvd.olx.bg/home/","Последно онлайн вчера в 11:50 ч."
"Недвижими имоти","Многостаен апартамент в нова луксозна сграда.","156500 €","https://frankfurt.apollo.olxcdn.com:443/v1/files/1rm0ajmi2t1x2-BG/image;s=216x152;q=50","Сити пропъртис предлага на вашето внимание многостаен апартамент в нова луксозна сграда, находяща се в кв. Баларбаши. Жилището е разположено на трети етаж, състоящо се от входно антре, просторна всекидневна зона с кухня, три спални, две бани със санитарен възел, мокро помещение и три панорамни тераси. Състоянието, в което се продава жилището е: Под- замазка с вградена топлоизолация, шумоизолация и положени тръби за подово отопление и конвектори. Таван- изолационна вата с изградена конструкция с гипс картон без шпакловка (за улеснена преработка при нужда). Стени- фина мазилка. Дограма - 6 камерен PVC профил с 2 мм арматура и висок клас обков с троен стъклопакет. Ел инсталация- слабо и силнотокова със изградено СОТ окабеляване. ВиК инсталация до тапа. Самостоятелен въздуховод за всяка кухня и баня. Прилежащо мазе. Входна врата Сградата е луксозно, бутиково изпълнение с безкомпромисно качество и мисъл към всеки детайл: Подобрена топло и шумоизолация Луксозно изпълнени общи части с просторно предверие Видеонаблюдение Хидравличен асансьор Налични вътрешни и външни (с изграден навес) паркоместа За повече информация за тази и други оферти не се колебайте да се свържете с нас на посочените контакти. Обява с реф. № 42446","Елена Любенова","https://www.olx.bg/ads/user/35Rz3/","Последно онлайн вчера в 09:37 ч."
"Недвижими имоти","Парцел в село Звездец 90045","1500 €","https://frankfurt.apollo.olxcdn.com:443/v1/files/1rm0ajmi2t1x2-BG/image;s=216x152;q=50","Компания Х представя на Вашето внимание парцел в село Звездец. МЕСТОПОЛОЖЕНИЕ: Намира се в спокойна част на района, в непосредствена близост до главен път и недалеч от регулация. РАЗПРЕДЕЛЕНИЕ: Имотът разполага с площ 3008кв.м., представлява земеделска земя , но тъй като смяната на статута е лесна имотът е подходящ за редица дейности! ОСОБЕНОСТИ: Ексклузивно предложение. Огледи на имота са възможни в удобно за Вас време! Заповядайте да Ви го покажем. Използвайки нашите услуги Вие ще превърнете закупуването на новия си дом в едно приятно изживяване, ще получите персонален консултант, съдействие при кандидатстване за кредит от всички банки в България, интериорни дизайнери и екип, който да се погрижи за нужните документи по Вашата сделка. На Ваше разположение сме всеки ден, от понеделник до неделя от 09:00 до 20:00ч. Възползвайте се от безплатна консултация в наш офис, където ще ви спестим време и ще ви запознаем с всички актуални имоти в България, отговарящи на Вашето търсене. Свържете се с нас и цитирайте кода към имота: 90045","X NVD Company","https://www.olx.bghttp://exnvd.olx.bg/home/","Последно онлайн вчера в 11:50 ч."
"Недвижими имоти","Продава от собственик, Едностаен, обзаведен, акт 16, Студентски Град","123900 €","https://frankfurt.apollo.olxcdn.com:443/v1/files/1rm0ajmi2t1x2-BG/image;s=216x152;q=50","Едностаен, 65кв, ново строителство, Акт 16, обзаведен, До Фантастико и Зимния Дворец, асансьор, видеонаблюдение. До автобусни спирки 94, 280, бъдещо метро. Изложение: югоизток. Отопление на климатик, изцяло вътрешен, с ниски сметки От собственик. С дългосрочен наемател. Ет 5 от 17 Застроена площ 53кв.м. Тераса 22.5кв.м. (приблизително 6х4, която може да се усвои като 2ра стая и да се преустрои в двустаен) Общи части 12кв.м. Обща квадратура 65 кв.м. Възможност за закупуване на 2ри, идентичен, долепен до този.","Димитър","https://www.olx.bg/ads/user/FnbD/","Последно онлайн 14 ноември 2024 г."
"Недвижими имоти","Дава се под наем","383 €","https://frankfurt.apollo.olxcdn.com:443/v1/files/1rm0ajmi2t1x2-BG/image;s=216x152;q=50","Дава се под наем двустаен апартамент 75 кв. ремонтиран, обзаведен ,оборудван, 1 етаж, килер , 2 климатик,тв интернет, Гр.варна кв.аспарухово център до парка, 750 лв.вклучено входни такси ,тв.интернет, в цената Тел:08******69 денис","deniss","https://www.olx.bg/ads/user/1Z7NH/","Последно онлайн 15 ноември 2024 г."
"Недвижими имоти","Тристаен апартамент в ж.к. Манастирски ливади.","650 €","https://frankfurt.apollo.olxcdn.com:443/v1/files/1rm0ajmi2t1x2-BG/image;s=216x152;q=50","Революшън Естейт представя тристаен апартамент в ж.к. Манастирски ливади. Ситуиран е на 4-ти жилищен етаж и разполага с площ от 100 кв.м. разгърната в следното разпределение: входно антре, хол с кухненски бокс, две спални, баня с тоалетна и тераса. Отоплява се на Газ Намира се на лесно достъпна локация, заобиколена от множество търговски обекти, магазини, верига супермаркети, медицински центрове, детски градини, училиища и разнообразен градски транспорт. Предлага се напълно обзаведено с всичко необходимо за едно домакинство. Информация за горепосочения имот, може да получите чрез формата на запитване или чрез директна връзка с нас на телефона посочен в описанието, като ще Ви е необходим следният референтен номер: 2184311","revoestate","https://www.olx.bg/ads/user/8IzZT/","Последно онлайн днес в 15:14 ч."
"Недвижими имоти","Тристаен апартамент - района на Погреби - 120027","500 €","https://frankfurt.apollo.olxcdn.com:443/v1/files/1rm0ajmi2t1x2-BG/image;s=216x152;q=50","Компания X NVD представя на Вашето внимание тристаен апартамент разположен в един от най-спокойните райони на град Варна - Погреби. МЕСТОПОЛОЖЕНИЕ: В близост до морето, Морската градина, спирка на градски транспорт, университети, училища, детски градини, магазини от всякакъв тип. СТРОИТЕЛСТВО: Апартаментът е ситуиран на 4-ти жилищен етаж в нова тухлена кооперация. РАЗПРЕДЕЛЕНИЕ: Жилището разполага с площ от 90 кв.м., разпределена във входно антре, кухня с дневен тракт, две спални, тераса, баня и тоалетна. СЪСТОЯНИЕ: Обзаведен и оборудван с всичко необходимо. ОСОБЕНОСТИ: Свободно паркиране в района. Заповядайте да Ви го покажем. Използвайки нашите, услуги Вие ще превърнете наемането на новия си дом в едно приятно изживяване, ще получите персонален консултант, съдействие от интериорни дизайнери и екип, който да се погрижи за нужните документи по Вашата сделка. На Ваше разположение сме всеки ден, от понеделник до неделя от 09:00 до 20:00ч. Възползвайте се от безплатна консултация в наш офис, където ще ви спестим време и ще ви запознаем с всички актуални имоти в България, отговарящи на Вашето търсене. Свържете се с нас на 08*********90 или на 08********74 и цитирайте кода към имота: 120027.","X NVD Company","https://www.olx.bghttp://exnvd.olx.bg/home/","Последно онлайн вчера в 11:50 ч."
"Недвижими имоти","Хале под наем, складови търговски площи в Пловдив","2100 €","https://frankfurt.apollo.olxcdn.com:443/v1/files/1rm0ajmi2t1x2-BG/image;s=216x152;q=50","Промишлено помещение - склад под наем в индустриална зона Тракия. Площ на помещението 606 кв.м. плюс офиси 35 кв.м. плюс битови помещения и тоалетна 33 кв.м. Височина 3.30 . Възможност за наемане на още 335 кв.м. плюс подход от 30 кв.м. на горно ниво. Подходящо за складова или производствена дейност. Ново хале от термопанел с висок клас енергийна ефиктивност. Подова настилка - шлайфан бетон. Електрическа мощност на захранването 100 kw. Наемна цена 3€","Бранимир","https://www.olx.bg/ads/user/1lnq/","Последно онлайн 08 ноември 2024 г."
"Недвижими имоти","Къща с двор","107371 €","https://frankfurt.apollo.olxcdn.com:443/v1/files/1rm0ajmi2t1x2-BG/image;s=216x152;q=50","Здравейте, Предлага се имот с двуетажна масивна къща в гр. Копривщица! Строителство 1990г , плоча, камък и тухла. Застроена площ 170 кв и двор 400 кв. Ток, вода , канализация! Югозападно изложение в новата част от града вляво в посока гр. Стрелча. 109 км. от гр. София и 89 км от Гр. Пловдив. Цена след оглед по договаряне!","yanchovskialeksandar","https://www.olx.bg/ads/user/3sWzp/","Последно онлайн днес в 15:43 ч."
"Недвижими имоти","Идеалният апартамент в Свети Влас – на пешеходно разстояние от плажа!","77800 €","https://frankfurt.apollo.olxcdn.com:443/v1/files/1rm0ajmi2t1x2-BG/image;s=216x152;q=50","Продава се просторен и светъл двустаен апартамент с площ от 60 м², само на 150 метра от морето. Това е прекрасно място както за почивка, така и за целогодишно живеене: апартаментът е разположен на удобния втори етаж на модерен и добре поддържан комплекс с асансьор, което го прави достъпен както за семейства с деца, така и за възрастни хора. Комплексът предлага всички удобства, за да направи почивката ви комфортна и незабравима. На ваше разположение са: Прекрасен басейн за релаксиращо плуване; Ресторант и бар с впечатляващ изглед към морето и басейна, където можете да се насладите на храна и напитки; Денонощна охрана за вашата безопасност и спокойствие; Добре поддържана зелена площ. Комплексът се намира само на няколко крачки от плажа, така че можете да се потопите в морските вълни и да се наслаждавате на слънцето всеки ден. Районът предлага всичко необходимо за комфортен отдих: на пешеходно разстояние има множество ресторанти, магазини и забавления. Цена: 77 800 € — без комисиона! Ниска такса за поддръжка! Свети Влас е уникално място с благоприятен климат, където свежият морски бриз се смесва с планинския въздух, създавайки наистина оздравителна атмосфера. Апартаментът очаква нови собственици, готови да се насладят на комфорта и красотата на живота до морето! Защо да изберете нас? 19 години опит на пазара на недвижими имоти; качество на обслужването и честност; ЛИЦЕНЗИРАН БРОКЕР – нашият управител има магистърска степен по ""Икономика на недвижимите имоти"" и е изучавал вещно право в университета, както и ""Основи на правото"" в гимназията в специализиран клас по ""Мениджмънт"" с европейска квалификация и два чужди езика. По това време преподавател му е била настоящият помощник-нотариус в една от нотариалните кантори. Той е изучавал също ""Международно право"" като част от второто си висше образование по специалност ""Маркетинг"". Това е най-високият лиценз в областта на недвижимите имоти, което ви дава увереност при покупката на имот от нас! Безплатно юридическо обслужване – ние разполагаме с квалифициран юридически консултант, който се грижи нашите клиенти да преминат през всички правни аспекти на своята сделка, осигурявайки им спокойствие и безпроблемност през целия процес! Винаги се стремим да поддържаме голям избор от предложения на изгодни цени; Предлагаме ви това, което отговаря на вашите желания и критерии, а не просто това, което имаме в базата си данни, а ако нямаме такъв имот, се стремим да го намерим за вас! Продаваме само това, което самите ние бихме купили! Качествен подбор на предложения и избор от коректни продавачи. Освен това предлагаме безплатни огледи; винаги сме на разположение 24/7 за вас, нашите клиенти; винаги някой от нашия екип е на място; безплатен трансфер от летището; 3 дни безплатно настаняване в хотел при покупка на имот от ""МОДА ИМОТИ""; безплатна кратка фотосесия – специален подарък от нас за вас – 10 снимки на цифров носител с внимателно подбрани панорамни места; безплатен кратък екскурзоводен тур с гид на избраното от вас място за покупка на имот; прекрасен екип от търпеливи професионалисти, владеещи английски, немски, руски, френски и други езици. Ние не носим отговорност за точността и пълнотата на информацията, предоставена от продавачите на недвижими имоти. Всички данни и описания на обектите са базирани на информация, получена от продавачите, и могат да съдържат неточности или пропуски.","Мода Имоти","https://www.olx.bg/ads/user/2Z33T/","Последно онлайн днес в 09:24 ч."
"Недвижими имоти","Под наем двустаен","332 €","https://frankfurt.apollo.olxcdn.com:443/v1/files/1rm0ajmi2t1x2-BG/image;s=216x152;q=50","Агенция Имот на сметка отдава под наем 2-стаен, обзаведен апартамент в Кючук Париж до Събота пазар, на 15мин. от ПУ и Медицински колеж. Наем: 650лв","Безплатна консултация за кредит","https://www.olx.bg/ads/user/hV9G/","Последно онлайн 29 октомври 2024 г."
"Недвижими имоти","Работна клетка","409 €","https://frankfurt.apollo.olxcdn.com:443/v1/files/1rm0ajmi2t1x2-BG/image;s=216x152;q=50","Работна клетка в топ състояние намираща се на Симеоновско шосе","Делян","https://www.olx.bg/ads/user/7uWB/","Последно онлайн 12 ноември 2024 г."
"Недвижими имоти","Продавам къща в село Миланово област София","60000 €","https://frankfurt.apollo.olxcdn.com:443/v1/files/1rm0ajmi2t1x2-BG/image;s=216x152;q=50","Масивна двуетажна къща с равен и слънчев двор.РЗП 240 м2.Двор 1500м2.В центъра на селото, подходяща за старчески дом или къща за гости.Кристален въздух.На 65 км.от София .","Awram","https://www.olx.bg/ads/user/35Dt/","Последно онлайн днес в 15:42 ч."
"Недвижими имоти","Едностаен апартамент в района на Погреби - 161784","150 €","https://frankfurt.apollo.olxcdn.com:443/v1/files/1rm0ajmi2t1x2-BG/image;s=216x152;q=50","Компания `ЕКС НВД` представя на Вашето внимание едностаен апартамент разположен в един от най-спокойните райони на град Варна - Погреби. МЕСТОПОЛОЖЕНИЕ: В близост до морето, спирка на градски транспорт, университети, училища, детски градини, магазини от всякакъв тип. СТРОИТЕЛСТВО: Апартаментът е ситуиран на 5-ти етаж в тухлена кооперация. РАЗПРЕДЕЛЕНИЕ: Жилището разполага с площ от 25 кв.м., разпределена във входно антре, кухня с трапезария, спалня, тераса, баня и тоалетна. СЪСТОЯНИЕ: Обзаведен и оборудван с всичко необходимо. ОСОБЕНОСТИ: В цената са включени сметките за ток и вода. Има възможност за паркомясто от страна на собственика при желание на бъдещите наематели, като цената ще претърпи корекции. Заповядайте да Ви го покажем. Използвайки нашите, услуги Вие ще превърнете наемането на новия си дом в едно приятно изживяване, ще получите персонален консултант, съдействие от интериорни дизайнери и екип, който да се погрижи за нужните документи по Вашата сделка. На Ваше разположение сме всеки ден, от понеделник до неделя от 09:00 до 20:00ч. Възползвайте се от безплатна консултация в наш офис, където ще ви спестим време и ще ви запознаем с всички актуални имоти в България, отговарящи на Вашето търсене. Свържете се с нас на 08*********90 или на 08********74 и цитирайте кода към имота: 161784.","X NVD Company","https://www.olx.bghttp://exnvd.olx.bg/home/","Последно онлайн вчера в 11:50 ч."
"Недвижими имоти","Къща за гости в гр.Бяла в централна зона с МОРСКА ПАНОРАМА","200000 €","https://frankfurt.apollo.olxcdn.com:443/v1/files/1rm0ajmi2t1x2-BG/image;s=216x152;q=50","ЕКСКЛУЗИВНО! МОРСКА ПАНОРАМА! Разработена Къща за гости, състояща се от 11стаи, разположени на 3 етажа; две открити панорамни тераси, дневна с кухненски бокс; голяма оборудвана механа с площ от 50м2 със самостоятелен санитарен възел; озеленен двор; паркинг зона и две помощни постройки за склад и перално помещение. Напълно обзаведена! Всяка стая разполага с две единични легла или легло тип ""спалня"", шкаф, гардероб, собствен санитарен възел, климатик, LCD телевизор, хладилник. Всички стаи са с ПВЦ дограма. Цялата къща се снабдява с топла вода чрез система соларни панели. Налице са всички комуникации!","ДесиславаКрисова","https://www.olx.bghttp://prodajbaimotivarna.olx.bg/home/","Последно онлайн днес в 02:16 ч."
"Недвижими имоти","Имот с къща Велико Търново - Арбанаси","23008 €","https://frankfurt.apollo.olxcdn.com:443/v1/files/1rm0ajmi2t1x2-BG/image;s=216x152;q=50","Здравейте, продавам парцел с партида за ток и вода от функциониращ целогодишно кладенец с бетонни пръстени. Имотът е с площ 580 квадрата със законна недостроена постройка в него. Собственикът съм аз, не са намесени агенции. Имотът се намира в местността “Арбанашко бърдо”, разполага с ново насипан път около 200 метра отклоняващ се от главният, осигуряващ безпроблемен достъп до самият имот. Местоположението е до борова гора със страхотна панорамна гледка към местността “камъка”. Същевременно е на 1км. От Горна Оряховица, на 2км. От Велико Търново и на по-малко от километър от центъра на село Арбанаси. Цената е в Лева.","PPetkov","https://www.olx.bg/ads/user/16bl/","Последно онлайн 12 ноември 2024 г."
"Недвижими имоти","Продава бизнес кухня- майка","30678 €","https://frankfurt.apollo.olxcdn.com:443/v1/files/1rm0ajmi2t1x2-BG/image;s=216x152;q=50","Продавам бизнес кухня - майка 150кв.м напълно оборудвана с всички разрешителни за производство на храна, сладкарство и детска кухня за деца над 3г . Не се продава фирмата ! Месечен наем 1100лв ! Причина за продажбата преместване в по- голямо помещение в централната част на София! Цена 60 000лв.","Бизнес","https://www.olx.bg/ads/user/eoxy/","Последно онлайн днес в 07:02 ч."
"Недвижими имоти","Тристаен апартамент за продажба кв. Чародейка юг","83900 €","https://frankfurt.apollo.olxcdn.com:443/v1/files/1rm0ajmi2t1x2-BG/image;s=216x152;q=50","Екипът на REMAX представя на своите клиенти най-новата си ЕКСКЛУЗИВНА оферта! Предлагаме Ви един много просторен и уютен тристаен апартамент, разположен в квартал Чародейка-Юг в стоте номера, с чиста жилищна площ от 103 квадратни метра. Апартаментът е с две изложения, частично подменена PVC дограма и разполага с отопление посредством климатици. Жилището се намира на първи жилищен от общо четири етажа в добре поддържана кооперация, с площ от 103 квадратни метра и прилежащо избено помещение 14 квадратни метра. Разпределението на апартамента е следното: - Входно антре - Родителска спалня - Детска спалня - Всекидневна - Кухня с трапезария - Баня - Тоалетна - Две големи тераси Имотът е чудесен за създаване на един прекрасен дом, дори и за по-големи семейства. Локацията на апартамента предлага бърз и лесен достъп до детски ясли и градини, училища, заведения, магазини и аптеки. На крачки е от големи вериги магазини и главни улици, които дават лесен и бърз достъп до централните части на града. Жилището очаква своите нови собственици! Свържете се с нас за повече информация и насрочване на огледи в удобно за Вас време. RE/MAX съдейства БЕЗПЛАТНО за всякакъв вид кредитиране. Поради факта, че сме в цял свят, нашите клиенти получават преференциални условия от абсолютно всички банки.","REMAX River Estate","https://www.olx.bg/ads/user/9iSJh/","Последно онлайн 15 ноември 2024 г."
"Недвижими имоти","Търговско помещение/ магазин за продажба кв. ЦЮР ново строителство","239810 €","https://frankfurt.apollo.olxcdn.com:443/v1/files/1rm0ajmi2t1x2-BG/image;s=216x152;q=50","RE/MAX има удовоствието Ви представи търговски обект/ офис/ магазин в новострояща се сграда от смесен тип, жилищна и търговска в гр. Русе. БЕЗ КОМИСИОН ОТ КУПУВАЧ!!! Помещението е с площ 228.91 кв.м и се намира на втори търговски етаж. Разполага с голяма търговска зала, стая за отдих за персонала, санитатен възел и складово помещение.. Подходящ за фитнес зала, спортен магазин, банков офис или друг вид бизнес. Идеален за инвестиция. Районът осигурява спокойна жилищна атмосфера, което го прави предпочитан за живеене. В близост може да намерите всичко необходимо за комфортен начин на живот: детска градина, училище, аптеки, хранителни магазини, бензиностанция и спортни обекти. Само на 15 мин пешеходно разстояние от центъра на града. Проектът за изграждане е съобразен с изискванията на съвременните технологии за енергийна ефективност, което ще осигури на новите обитатели минимални разходи на енергия. Материалите, които ще се използват са с високо качество и съвременни технологии в строителството. Фасадата ще бъде окачена, вентилируема с HPL панели. Парапетът на терасите ще бъде изработен от матирано, закалено стъкло. PVC дограма с троен стъклопакет. Шумоизолация на стените. Висок клас блиндирани входни врати. Отопление ще бъде по избор на купувача. Луксозен асансьор. Модерни общи части на сградата с домофонна система. Сградата е в процес на строителство. Завършването се планира за 2025 г. Жилищата ще се завършат по БДС (шпакловка,замазка, ВиК на тапа). Има възможност за закупуване на гараж на преференциални цени. Плащането е съобразено според етапа от строителството на сградата. Комплексът разполага с още магазини. При интерес се свържете с нас на посочения телефон. RE/MAX ще съдейства на нашите клиенти за закупуване на имот чрез банков ипотечен кредит, още по време на строителството на акт 14. RE/MAX съдейства БЕЗПЛАТНО за всякакъв вид кредитиране. Поради факта, че сме в цял свят, нашите клиенти получават преференциални условия от абсолютно всички банки.","REMAX River Estate","https://www.olx.bg/ads/user/9iSJh/","Последно онлайн 15 ноември 2024 г."
"Недвижими имоти","Магазин/офис в Тракия!","21000 €","https://frankfurt.apollo.olxcdn.com:443/v1/files/1rm0ajmi2t1x2-BG/image;s=216x152;q=50","Компания `Х` представя на Вашето внимание магазин/офис в Тракия! РАЗПРЕДЕЛЕНИЕ: Разполага с площ от 24кв.м Заповядайте да Ви го покажем. Използвайки нашите услуги Вие ще превърнете закупуването на новия си дом в едно приятно изживяване, ще получите персонален консултант, съдействие при кандидатстване за кредит от всички банки в България, интериорни дизайнери и екип, който да се погрижи за нужните документи по Вашата сделка. На Ваше разположение сме всеки ден, от понеделник до неделя от 09:00 до 20:00ч. Възползвайте се от безплатна консултация в наш офис, където ще ви спестим време и ще ви запознаем с всички актуални имоти в България, отговарящи на Вашето търсене. Свържете се с нас и цитирайте кода към имота: 60181","X NVD Company","https://www.olx.bghttp://exnvd.olx.bg/home/","Последно онлайн вчера в 11:50 ч."
"Недвижими имоти","Гарсониера в близост до центъра","50000 €","https://frankfurt.apollo.olxcdn.com:443/v1/files/1rm0ajmi2t1x2-BG/image;s=216x152;q=50","Продавам обзаведена гарсониера в близост до центъра на града. Обзаведена и готова за нанасяне. На етаж партер, средно жилище. Изключително подходяща за инвестиция- в момента е отдадена под наем. Към имота има място от двора с размер на парко място, което е с право на ползване, описано в акта за собственост. От собственик, без агенции. За повече информация на лс.","Кафе машини","https://www.olx.bg/ads/user/3Tm73/","Последно онлайн 06 ноември 2024 г."
"Недвижими имоти","Етаж от къща продавам.","50618 €","https://frankfurt.apollo.olxcdn.com:443/v1/files/1rm0ajmi2t1x2-BG/image;s=216x152;q=50","Продава се 2-ри етаж от двуетажна къща с площ от 88 кв.м, заедно с общи части от приземен етаж, таван и двор. Етажът е на тухла и се състои от коридор, две стаи, всекидневна с кухня, санитарен възел и тераса. Общите части от приземният етаж са измазани и обзаведени, като се състоят от коридор, две стаи с кухненски бокс и санитарен възел. Плочи между етажите. Отделни партиди електромер и водомер. За повече информация на посоченият телефон.","В.П.","https://www.olx.bg/ads/user/6JM2f/","Последно онлайн днес в 06:00 ч."
"Недвижими имоти","Едностаен до Водното","27610 € По договаряне","https://frankfurt.apollo.olxcdn.com:443/v1/files/1rm0ajmi2t1x2-BG/image;s=216x152;q=50","Жилището е на трети етаж от шест.Изцяло западно ицложение.Състои се от хол с тераса, кухня и баня с тоалетна. За основен ремонт.","Георгиева","https://www.olx.bghttp://desislavasaveva.olx.bg/home/","Последно онлайн днес в 10:23 ч."
"Недвижими имоти","Едностаен апартамент Свети влас 52397","51000 €","https://frankfurt.apollo.olxcdn.com:443/v1/files/1rm0ajmi2t1x2-BG/image;s=216x152;q=50","Компания Х представя на Вашето внимание едностаен апартамент в Свети влас. МЕСТОПОЛОЖЕНИЕ: В близост до магазини за хранителни стоки, спирка на градски транспорт, основни пътни артерии. СТРОИТЕЛСТВО: Жилището е ситуирано на 3-ти етаж в сграда ново строителство. РАЗПРЕДЕЛЕНИЕ: Разполага с площ от 45 кв.м., разгърната в следното функционално разпределение: кухненски бокс с зона за спане, баня с тоалетна, тераса. СЪСТОЯНИЕ: Предлага се напълно обзаведено. Разполага с всичко необходимо за едно домакинство. Заповядайте да Ви го покажем. Използвайки нашите услуги Вие ще превърнете закупуването на новия си дом в едно приятно изживяване, ще получите персонален консултант, съдействие при кандидатстване за кредит от всички банки в България, интериорни дизайнери и екип, който да се погрижи за нужните документи по Вашата сделка. На Ваше разположение сме всеки ден, от понеделник до неделя от 09:00 до 20:00ч. Възползвайте се от безплатна консултация в наш офис, където ще ви спестим време и ще ви запознаем с всички актуални имоти в България, отговарящи на Вашето търсене. Свържете се с нас на 088777990 или на 08******83 и цитирайте кода към имота: 52397","X NVD Company","https://www.olx.bghttp://exnvd.olx.bg/home/","Последно онлайн вчера в 11:50 ч."
"Недвижими имоти","Продава се парцел с.Аканджиево,общ.Белово","15000 €","https://frankfurt.apollo.olxcdn.com:443/v1/files/1rm0ajmi2t1x2-BG/image;s=216x152;q=50","Продава се парцел в с.Аканджиево,общ.Белово,обл.Пазарджик. Имотът не е изключван от регулация и участвува с парцела с 1006м2,при уредени регулационни отношения. За повече информация, моля пишете на лично съобщение, или позвънете! Тел 08********20 -Калина","Калина","https://www.olx.bghttp://perdetakalina.olx.bg/home/","Последно онлайн 14 ноември 2024 г."
"Недвижими имоти","Апартамент в района на магазин Изток","42949 €","https://frankfurt.apollo.olxcdn.com:443/v1/files/1rm0ajmi2t1x2-BG/image;s=216x152;q=50","Агенция NR Консулт продава: Апартамент в близост до магазин Изток. За ремонт ет.1","Наталия","https://www.olx.bg/ads/user/3PnF/","Последно онлайн 10 ноември 2024 г."
"Недвижими имоти","Парцел в село Звездец 90044","2500 €","https://frankfurt.apollo.olxcdn.com:443/v1/files/1rm0ajmi2t1x2-BG/image;s=216x152;q=50","Компания Х представя на Вашето внимание парцел в село Звездец. МЕСТОПОЛОЖЕНИЕ: Намира се в спокойна част на района, в непосредствена близост до главен път и недалеч от регулация. РАЗПРЕДЕЛЕНИЕ: Имотът разполага с площ 5005кв.м., представлява земеделска земя , но тъй като смяната на статута е лесна имотът е подходящ за редица дейности! ОСОБЕНОСТИ: Ексклузивно предложение. Огледи на имота са възможни в удобно за Вас време! Заповядайте да Ви го покажем. Използвайки нашите услуги Вие ще превърнете закупуването на новия си дом в едно приятно изживяване, ще получите персонален консултант, съдействие при кандидатстване за кредит от всички банки в България, интериорни дизайнери и екип, който да се погрижи за нужните документи по Вашата сделка. На Ваше разположение сме всеки ден, от понеделник до неделя от 09:00 до 20:00ч. Възползвайте се от безплатна консултация в наш офис, където ще ви спестим време и ще ви запознаем с всички актуални имоти в България, отговарящи на Вашето търсене. Свържете се с нас и цитирайте кода към имота: 90044","X NVD Company","https://www.olx.bghttp://exnvd.olx.bg/home/","Последно онлайн вчера в 11:50 ч."
"Недвижими имоти","СКЛАД 36 кв.м, град София, Кръстова вада","29400 €По договаряне","https://frankfurt.apollo.olxcdn.com:443/v1/files/1rm0ajmi2t1x2-BG/image;s=216x152;q=50","СКЛАД 36 кв.м. чиста площ, ново строителство с акт 16, висок, осветление, прозорец, ВиК през склада, вход от ул.Ивайло Петров, близо до бул.Черни връх, МОЛ Парадайз, Южен парк, полуниво-гаражи. От собственик, без такси и комисионни.","Магда","https://www.olx.bg/ads/user/1Phz/","Последно онлайн вчера в 07:48 ч."
"Недвижими имоти","студио в комплекс Панорама","20000 €","https://frankfurt.apollo.olxcdn.com:443/v1/files/1rm0ajmi2t1x2-BG/image;s=216x152;q=50","Продава се студио в комплекс Панорама в град Банско. Комплекса е разположен в местността Свети Иван. Предстои отварянето на спа центъра, което ще го направи още по-атрактивен поради прекрасното му местоположение и комфортна атмосфера. Самият апартамент е разположен на трети етаж с източно изложение. Чистата площ на апартамента е 20,90м2, като общите части са 5,49м2. Имотът е подходящ както за ваканционен имот, така и за целогодишно живеене или отдаване под наем. В сградата има такса поддръжка, която е в размер на 12 евро на м2 за година. Към цената има допълнително 3% агентски комисион!","Росен Цинзов","https://www.olx.bghttp://banskorealty.olx.bg/home/","Последно онлайн 06 ноември 2024 г."

[end of product-service/src/main/resources/csv/olxProducts.csv]
